<?xml version="1.0" encoding="UTF-8"?>
<replacementRoot xmlns="http://www.w3schools.com"
	xmlns:xsi="http://www.w3.org/2001/XMLSchema-instance" xsi:schemaLocation="replacement_rule.xsd"
	objName="smd" extraArgs="args" templateLocation="C:/Users/Justin/workspace/CIAPI.Java/src/CodeGeneration/files/code_templates/CombinedTemplateImpl.jav"
	objectType="codegen.modelobjects.SMDDescriptor">
	<fileName value="@impl/@ServiceMethodsImpl.java" />
	<replacement name="packageName" value="$args[0]" />
	<replacementSet subObjName="method" name="methods"
		value="smd.getServices().entrySet()">
		<replacement name="description" value="method.getValue().getDescription()" />
		<replacement name="return"
			value="method.getValue().getReturns().get$ref($args[1])" />
		<replacement name="name" value="method.getKey()" />
		<replacement name="target" value="method.getValue().getTarget()" />
		<replacement name="uriTemplate" value="method.getValue().getUriTemplate()" />
		<replacement name="transport" value="method.getValue().getTransport()" />
		<replacement name="envelope" value="method.getValue().getEnvelope()" />
		<replacement name="contentType" value="method.getValue().getContentType()" />
		<replacement name="postParam"
			value="method.getValue().getParameters().get(#0).getName()" default="null" />
		<replacementSet subObjName="p" name="parameters"
			value="method.getValue().getParameters()">
			<replacement name="pType" value="p.getType($args[1])" />
			<replacement name="pName" value="p.getName()" />
		</replacementSet>
		<replacementSet subObjName="p" name="fillParameters"
			value="method.getValue().getParameters()">
			<replacement name="parameterName" value="p.getName()" />
		</replacementSet>
	</replacementSet>
</replacementRoot>
